{"cameraMode":{"drawMode":0,"name":"Shaded","section":"Shading Mode"},"sceneLighting":true,"audioPlay":false,"sceneViewState":{"m_AlwaysRefresh":false,"showFog":true,"showSkybox":true,"showFlares":true,"showImageEffects":true,"showParticleSystems":true,"showVisualEffectGraphs":true,"m_FxEnabled":true},"in2DMode":false,"pivot":{"x":172.9071807861328,"y":348.4780578613281,"z":92.68949890136719},"rotation":{"x":0.044079117476940158,"y":0.19944719970226289,"z":-0.008981197141110897,"w":0.978875994682312},"size":348.7133483886719,"orthographic":false}